Date,Description,Misc.,Take Away,Tools,New Home,Petrol and Toll,Utilities,Groceries,Insurance,Children,Holiday
02/01/2023,Bunnings,,,109.7,,,,,,,
,IKEA RICHMONDRICHMONDVIC,180.0,,,,,,,,,
03/01/2023,McDonalds,,34.1,,,,,,,,
04/01/2023,IGA,,,,,,,134.97,,,
,McDonalds,,26.5,,,,,,,,
05/01/2023,McDonalds,,26.5,,,,,,,,
06/01/2023,Bunnings,,,36.55,,,,,,,
,Coles Express,,,,,90.34,,,,,
,Spotlight,,,,236.0,,,,,,
,McDonalds,,26.5,,,,,,,,
09/01/2023,HOLLARD INSURANCECHATSWOOD,120.88,,,,,,,,,
10/01/2023,DAN MURPHY'S3635GLEN WAVERLEAUS,11.98,,,,,,,,,
12/01/2023,McDonalds,,26.5,,,,,,,,
,AA BURWOOD EAST 3864BURWOOD EASTVIC,79.2,,,,,,,,,
13/01/2023,IGA,,,,,,,124.6,,,
,INTEREST CHARGES,311.4,,,,,,,,,
,Hungry Jacks,,33.2,,,,,,,,
14/01/2023,BPAYN MORELAND COUNCILBPAY Council Rate,2997.85,,,,,,,,,
,Xero,,,,,,59.0,,,,
,Allison Browning,,,,,,,,,220.0,
15/01/2023,Kmart,,,,,,,20.0,,,
,Woolworths,,,,,,,11.4,,,
16/01/2023,McDonalds,,26.5,,,,,,,,
,BP VERMONT 7475VERMONT STH VIC,81.67,,,,,,,,,
17/01/2023,VICROADS ONLINE PAYMENKEW,,,,,870.17,,,,,
18/01/2023,Bunnings,,,15.68,,,,,,,
,OVERLIMIT FEE,10.0,,,,,,,,,
,McDonalds,,13.4,,,,,,,,
19/01/2023,EG Group,,,,,26.34,,,,,
,Belong,,,,,,25.0,,,,
,McDonalds,,26.5,,,,,,,,
20/01/2023,McDonalds,,26.5,,,,,,,,
21/01/2023,Gold Leaf,,,,,,,,,,562.31
22/01/2023,IGA,,,,,,,128.65,,,
23/01/2023,McDonalds,,39.9,,,,,,,,
24/01/2023,Kmart,,,,,,,45.0,,,
,McDonalds,,39.9,,,,,,,,
,HARVEY NORMAN AV/ITPRESTONVIC,7.0,,,,,,,,,
25/01/2023,Coles Express,,,,,75.78,,,,,
,McDonalds,,26.8,,,,,,,,
27/01/2023,IGA,,,,,,,116.18,,,
,Healthy Pets,,,,,,,,,45.0,
,McDonalds,,26.5,,,,,,,,
28/01/2023,Bunnings,,,21.93,,,,,,,
,Belong,,,,,,30.0,,,,
29/01/2023,Bunnings,,,66.28,,,,,,,
,EG Group,,,,,63.2,,,,,
30/01/2023,McDonalds,,26.5,,,,,,,,
31/01/2023,IGA,,,,,,,38.2,,,
,Bunnings,,,56.53,,,,,,,
,BIG W0361CRAIGIEBURN AUS,24.0,,,,,,,,,
,EG Group,,,,,48.17,,,,,
01/02/2023,McDonalds,,26.5,,,,,,,,
,AA BURWOOD EAST 3864BURWOOD EASTVIC,77.67,,,,,,,,,
02/02/2023,McDonalds,,12.6,,,,,,,,
03/02/2023,McDonalds,,26.5,,,,,,,,
04/02/2023,Bunnings,,,40.62,,,,,,,
05/02/2023,Bunnings,,,298.75,,,,,,,
,McDonalds,,12.65,,,,,,,,
06/02/2023,IGA,,,,,,,76.3,,,
,Bunnings,,,35.92,,,,,,,
,AMPOL KEW 33261FKEW,56.73,,,,,,,,,
,McDonalds,,12.65,,,,,,,,
07/02/2023,HOLLARD INSURANCECHATSWOOD,120.88,,,,,,,,,
08/02/2023,McDonalds,,12.6,,,,,,,,
09/02/2023,7-Eleven,,,,,63.44,,,,,
,MEDIBANK PHI PAYMENTMelbourne,937.8,,,,,,,,,
13/02/2023,INTEREST CHARGES,434.03,,,,,,,,,
,METRO PETROLEUM CARLTOCARLTONAUS,72.26,,,,,,,,,
,Woolworths,,,,,,,114.7,,,
,Chemist Warehouse,,,,,,,66.94,,,
14/02/2023,Chemist Warehouse,,,,,,,5.99,,,
16/02/2023,McDonalds,,34.2,,,,,,,,
,Chemist Warehouse,,,,,,,20.99,,,
19/02/2023,Belong,,,,,,25.0,,,,
20/02/2023,McDonalds,,30.2,,,,,,,,
21/02/2023,Xero,,,,,,59.0,,,,
,Coles Express,,,,,85.78,,,,,
,GREENCROSS VETSCOBURGVIC,63.0,,,,,,,,,
,McDonalds,,69.0,,,,,,,,
22/02/2023,ATOMY OCEANIAMULGRAVEVIC,261.0,,,,,,,,,
23/02/2023,Bunnings,,,35.22,,,,,,,
,OVERLIMIT FEE,10.0,,,,,,,,,
,Woolworths,,,,,,,120.3,,,
,EG Group,,,,,72.12,,,,,
24/02/2023,Bunnings,,,96.38,,,,,,,
,COSTCO WHOLESALE AUSRINGWOOD,308.8,,,,,,,,,
,Spotlight,,,,32.0,,,,,,
25/02/2023,7-Eleven,,,,,88.52,,,,,
26/02/2023,McDonalds,,40.35,,,,,,,,
27/02/2023,Healthy Pets,,,,,,,,,45.0,
,McDonalds,,39.3,,,,,,,,
28/02/2023,Belong,,,,,,30.0,,,,
02/03/2023,Bunnings,,,506.8,,,,,,,
,Bunnings,,,56.53,,,,,,,
,IGA,,,,,,,138.16,,,
,Coles Express,,,,,111.74,,,,,
,McDonalds,,40.2,,,,,,,,
03/03/2023,McDonalds,,26.8,,,,,,,,
04/03/2023,Bunnings,,,237.5,,,,,,,
06/03/2023,Kmart,,,,,,,25.0,,,
07/03/2023,HOLLARD INSURANCECHATSWOOD,120.88,,,,,,,,,
,One Stop Wheels and TBRUNSWICK EAVIC,145.0,,,,,,,,,
,Kmart,,,,,,,15.5,,,
08/03/2023,McDonalds,,26.8,,,,,,,,
09/03/2023,Bunnings,,,19.4,,,,,,,
,Bunnings,,,121.01,,,,,,,
,Coles Express,,,,,82.76,,,,,
,McDonalds,,13.4,,,,,,,,
10/03/2023,EG Group,,,,,78.51,,,,,
11/03/2023,PARAMOUNT CARPARKMelbourneVIC,20.0,,,,,,,,,
,One Stop Wheels and TBRUNSWICK EAVIC,145.0,,,,,,,,,
,Kmart,,,,,,,34.25,,,
,Allison Browning,,,,,,,,,220.0,
14/03/2023,IGA,,,,,,,116.13,,,
,Bunnings,,,60.76,,,,,,,
,INTEREST CHARGES,254.51,,,,,,,,,
,Xero,,,,,,59.0,,,,
,KFC,,15.95,,,,,,,,
,Chemist Warehouse,,,,,,,31.97,,,
15/03/2023,McDonalds,,41.25,,,,,,,,
16/03/2023,AP COBURG POST SHOPCOBURG,39.9,,,,,,,,,
,COLES 0592COBURGAUS,,,,,119.15,,,,,
,EG Group,,,,,44.77,,,,,
17/03/2023,BPAYN PENLEIGH/ESSDN GRMMBPAY Peg School Fee,,,,,,,,,9391.0,
,IGA,,,,,,,53.05,,,
,Coles Express,,,,,75.48,,,,,
19/03/2023,Kmart,,,,,,,10.0,,,
,McDonalds,,14.1,,,,,,,,
,Belong,,,,,,25.0,,,,
20/03/2023,AP COBURG POST SHOPCOBURG,562.0,,,,,,,,,
22/03/2023,McDonalds,,40.2,,,,,,,,
23/03/2023,BP TALLY HO 0548SYNDALVIC,76.16,,,,,,,,,
24/03/2023,BPAYN MORELAND COUNCILBPAY Council Rate,1169.0,,,,,,,,,
26/03/2023,IGA,,,,,,,118.13,,,
,Woolworths,,,,,,,141.7,,,
,EG Group,,,,,32.69,,,,,
,Chemist Warehouse,,,,,,,56.34,,,
27/03/2023,PURE ORTHODONTICS PTMOONEE PONDS,130.0,,,,,,,,,
,Healthy Pets,,,,,,,,,45.0,
28/03/2023,GREENCROSS VETSCOBURGVIC,725.3,,,,,,,,,
,Kmart,,,,,,,22.5,,,
,Belong,,,,,,30.0,,,,
29/03/2023,Coles Express,,,,,69.35,,,,,
30/03/2023,McDonalds,,13.1,,,,,,,,
31/03/2023,McDonalds,,13.1,,,,,,,,
